{"cameraMode":{"drawMode":0,"name":"Shaded","section":"Shading Mode"},"sceneLighting":false,"audioPlay":false,"sceneViewState":{"showFog":false,"showMaterialUpdate":false,"showSkybox":false,"showFlares":false,"showImageEffects":false,"showParticleSystems":false,"showVisualEffectGraphs":true,"m_FxEnabled":true},"in2DMode":false,"pivot":{"x":-4.694845676422119,"y":0.8000011444091797,"z":5.0321245193481449},"rotation":{"x":0.18786609172821046,"y":0.010903525166213513,"z":-0.0020881779491901399,"w":0.9821380972862244},"size":1.5477263927459717,"orthographic":true}